{
  "$schema": "https://developer.microsoft.com/json-schemas/fabric/item/report/definition/visualContainer/2.3.0/schema.json",
  "name": "90774ce7040e8ca0a2d3",
  "position": {
    "x": 9.6055210305030236,
    "y": 385.5930585101928,
    "z": 2000,
    "height": 285.421196334947,
    "width": 531.04809125781,
    "tabOrder": 2000
  },
  "visual": {
    "visualType": "barChart",
    "query": {
      "queryState": {
        "Category": {
          "projections": [
            {
              "field": {
                "Column": {
                  "Expression": {
                    "SourceRef": {
                      "Entity": "Sales"
                    }
                  },
                  "Property": "Products.Category"
                }
              },
              "queryRef": "Sales.Products.Category",
              "nativeQueryRef": "Products Category",
              "active": true,
              "displayName": "Products Category"
            }
          ]
        },
        "Series": {
          "projections": [
            {
              "field": {
                "Column": {
                  "Expression": {
                    "SourceRef": {
                      "Entity": "Customers"
                    }
                  },
                  "Property": "Region"
                }
              },
              "queryRef": "Customers.Region",
              "nativeQueryRef": "Region"
            }
          ]
        },
        "Y": {
          "projections": [
            {
              "field": {
                "Measure": {
                  "Expression": {
                    "SourceRef": {
                      "Entity": "Sales"
                    }
                  },
                  "Property": "Total Sales"
                }
              },
              "queryRef": "Sales.Total Sales",
              "nativeQueryRef": "Total Sales"
            }
          ]
        }
      },
      "sortDefinition": {
        "sort": [
          {
            "field": {
              "Measure": {
                "Expression": {
                  "SourceRef": {
                    "Entity": "Sales"
                  }
                },
                "Property": "Total Sales"
              }
            },
            "direction": "Descending"
          }
        ],
        "isDefaultSort": true
      }
    },
    "objects": {
      "categoryAxis": [
        {
          "properties": {
            "titleText": {
              "expr": {
                "Literal": {
                  "Value": "'Products Category'"
                }
              }
            }
          }
        }
      ]
    },
    "visualContainerObjects": {
      "title": [
        {
          "properties": {
            "text": {
              "expr": {
                "Literal": {
                  "Value": "'Total Sales by Regional Products'"
                }
              }
            }
          }
        }
      ]
    },
    "drillFilterOtherVisuals": true
  },
  "filterConfig": {
    "filters": [
      {
        "name": "bf04819007b134e42b36",
        "field": {
          "Column": {
            "Expression": {
              "SourceRef": {
                "Entity": "Customers"
              }
            },
            "Property": "Region"
          }
        },
        "type": "Categorical"
      },
      {
        "name": "dea1ff27c90785e06e46",
        "field": {
          "Measure": {
            "Expression": {
              "SourceRef": {
                "Entity": "Sales"
              }
            },
            "Property": "Total Sales"
          }
        },
        "type": "Advanced"
      },
      {
        "name": "2a7b7007566e057edb08",
        "field": {
          "Column": {
            "Expression": {
              "SourceRef": {
                "Entity": "Sales"
              }
            },
            "Property": "Products.Category"
          }
        },
        "type": "Categorical"
      }
    ]
  }
}