{
  "$schema": "https://developer.microsoft.com/json-schemas/fabric/item/report/definition/visualContainer/2.3.0/schema.json",
  "name": "f2cf7af2b4caa500a3bc",
  "position": {
    "x": 325.21549774703095,
    "y": 94.682993014958384,
    "z": 6000,
    "height": 139.96616358732979,
    "width": 185.24933415970119,
    "tabOrder": 6000
  },
  "visual": {
    "visualType": "card",
    "query": {
      "queryState": {
        "Values": {
          "projections": [
            {
              "field": {
                "Measure": {
                  "Expression": {
                    "SourceRef": {
                      "Entity": "Sales"
                    }
                  },
                  "Property": "Total Quantity Sold All"
                }
              },
              "queryRef": "Sales.Total Quantity Sold All",
              "nativeQueryRef": "Total Quantity Sold All"
            }
          ]
        }
      },
      "sortDefinition": {
        "sort": [
          {
            "field": {
              "Measure": {
                "Expression": {
                  "SourceRef": {
                    "Entity": "Sales"
                  }
                },
                "Property": "Total Quantity Sold All"
              }
            },
            "direction": "Descending"
          }
        ],
        "isDefaultSort": true
      }
    },
    "drillFilterOtherVisuals": true
  },
  "filterConfig": {
    "filters": [
      {
        "name": "b9c30abc6174864c00e5",
        "field": {
          "Measure": {
            "Expression": {
              "SourceRef": {
                "Entity": "Sales"
              }
            },
            "Property": "Total Quantity Sold All"
          }
        },
        "type": "Advanced"
      }
    ]
  }
}