{
  "$schema": "https://developer.microsoft.com/json-schemas/fabric/item/report/definition/visualContainer/2.3.0/schema.json",
  "name": "4c5d2bee06b6c52e96eb",
  "position": {
    "x": 654.25389755011133,
    "y": 114.03118040089088,
    "z": 4000,
    "height": 323.56347438752783,
    "width": 409.086859688196,
    "tabOrder": 4000
  },
  "visual": {
    "visualType": "pivotTable",
    "query": {
      "queryState": {
        "Columns": {
          "projections": [
            {
              "field": {
                "Column": {
                  "Expression": {
                    "SourceRef": {
                      "Entity": "Sales"
                    }
                  },
                  "Property": "Products.Category"
                }
              },
              "queryRef": "Sales.Products.Category",
              "nativeQueryRef": "Products.Category",
              "active": true,
              "displayName": "Products.Category"
            }
          ]
        },
        "Rows": {
          "projections": [
            {
              "field": {
                "Column": {
                  "Expression": {
                    "SourceRef": {
                      "Entity": "Sales"
                    }
                  },
                  "Property": "Discount"
                }
              },
              "queryRef": "Sales.Discount",
              "nativeQueryRef": "Discount",
              "active": true,
              "displayName": "Discount",
              "format": "0.00%;-0.00%;0.00%"
            }
          ]
        },
        "Values": {
          "projections": [
            {
              "field": {
                "Measure": {
                  "Expression": {
                    "SourceRef": {
                      "Entity": "Sales"
                    }
                  },
                  "Property": "Total Orders"
                }
              },
              "queryRef": "Sales.Total Orders",
              "nativeQueryRef": "Total Orders"
            }
          ]
        }
      },
      "sortDefinition": {
        "sort": [
          {
            "field": {
              "Column": {
                "Expression": {
                  "SourceRef": {
                    "Entity": "Sales"
                  }
                },
                "Property": "Discount"
              }
            },
            "direction": "Descending"
          }
        ]
      }
    },
    "objects": {
      "columnFormatting": [
        {
          "properties": {
            "styleTotal": {
              "expr": {
                "Literal": {
                  "Value": "false"
                }
              }
            },
            "styleHeader": {
              "expr": {
                "Literal": {
                  "Value": "false"
                }
              }
            }
          },
          "selector": {
            "metadata": "Sales.Total Orders"
          }
        }
      ],
      "rowHeaders": [
        {
          "properties": {
            "wordWrap": {
              "expr": {
                "Literal": {
                  "Value": "true"
                }
              }
            }
          }
        }
      ],
      "columnHeaders": [
        {
          "properties": {
            "urlIcon": {
              "expr": {
                "Literal": {
                  "Value": "false"
                }
              }
            }
          }
        }
      ]
    },
    "visualContainerObjects": {
      "title": [
        {
          "properties": {
            "show": {
              "expr": {
                "Literal": {
                  "Value": "true"
                }
              }
            },
            "text": {
              "expr": {
                "Literal": {
                  "Value": "'Order count for Discount'"
                }
              }
            }
          }
        }
      ]
    },
    "drillFilterOtherVisuals": true
  },
  "filterConfig": {
    "filters": [
      {
        "name": "d0099f0798b73653447e",
        "field": {
          "Column": {
            "Expression": {
              "SourceRef": {
                "Entity": "Sales"
              }
            },
            "Property": "Discount"
          }
        },
        "type": "Advanced"
      },
      {
        "name": "8c8062dee7deb22655db",
        "field": {
          "Column": {
            "Expression": {
              "SourceRef": {
                "Entity": "Sales"
              }
            },
            "Property": "Products.Category"
          }
        },
        "type": "Categorical"
      },
      {
        "name": "ab1464479921ec7db1b4",
        "field": {
          "Measure": {
            "Expression": {
              "SourceRef": {
                "Entity": "Sales"
              }
            },
            "Property": "Total Orders"
          }
        },
        "type": "Advanced"
      }
    ]
  }
}