{
  "$schema": "https://developer.microsoft.com/json-schemas/fabric/item/report/definition/visualContainer/2.3.0/schema.json",
  "name": "aea8083fac879fba89e3",
  "position": {
    "x": 731.39181560830173,
    "y": 279.93232717465958,
    "z": 17000,
    "height": 233.27693931221629,
    "width": 535.16474312802563,
    "tabOrder": 17000
  },
  "visual": {
    "visualType": "lineChart",
    "query": {
      "queryState": {
        "Category": {
          "projections": [
            {
              "field": {
                "HierarchyLevel": {
                  "Expression": {
                    "Hierarchy": {
                      "Expression": {
                        "SourceRef": {
                          "Entity": "Dates"
                        }
                      },
                      "Hierarchy": "Date Hierarchy (Year, Quarter, Month)"
                    }
                  },
                  "Level": "Year"
                }
              },
              "queryRef": "Dates.Date Hierarchy (Year, Quarter, Month).Year",
              "nativeQueryRef": "Date Hierarchy (Year, Quarter, Month) Year",
              "active": true
            },
            {
              "field": {
                "HierarchyLevel": {
                  "Expression": {
                    "Hierarchy": {
                      "Expression": {
                        "SourceRef": {
                          "Entity": "Dates"
                        }
                      },
                      "Hierarchy": "Date Hierarchy (Year, Quarter, Month)"
                    }
                  },
                  "Level": "Quarter"
                }
              },
              "queryRef": "Dates.Date Hierarchy (Year, Quarter, Month).Quarter",
              "nativeQueryRef": "Date Hierarchy (Year, Quarter, Month) Quarter",
              "active": true
            },
            {
              "field": {
                "HierarchyLevel": {
                  "Expression": {
                    "Hierarchy": {
                      "Expression": {
                        "SourceRef": {
                          "Entity": "Dates"
                        }
                      },
                      "Hierarchy": "Date Hierarchy (Year, Quarter, Month)"
                    }
                  },
                  "Level": "Month"
                }
              },
              "queryRef": "Dates.Date Hierarchy (Year, Quarter, Month).Month",
              "nativeQueryRef": "Date Hierarchy (Year, Quarter, Month) Month",
              "active": true
            }
          ]
        },
        "Y": {
          "projections": [
            {
              "field": {
                "Measure": {
                  "Expression": {
                    "SourceRef": {
                      "Entity": "Sales"
                    }
                  },
                  "Property": "Total Sales"
                }
              },
              "queryRef": "Sales.Total Sales",
              "nativeQueryRef": "Total Sales"
            }
          ]
        },
        "Y2": {
          "projections": [
            {
              "field": {
                "Measure": {
                  "Expression": {
                    "SourceRef": {
                      "Entity": "Sales"
                    }
                  },
                  "Property": "Total Quantity Sold"
                }
              },
              "queryRef": "Sales.Total Quantity Sold",
              "nativeQueryRef": "Total Quantity Sold"
            }
          ]
        }
      },
      "sortDefinition": {
        "sort": [
          {
            "field": {
              "Measure": {
                "Expression": {
                  "SourceRef": {
                    "Entity": "Sales"
                  }
                },
                "Property": "Total Sales"
              }
            },
            "direction": "Descending"
          }
        ],
        "isDefaultSort": true
      }
    },
    "visualContainerObjects": {
      "title": [
        {
          "properties": {
            "text": {
              "expr": {
                "Literal": {
                  "Value": "'Delivery Date Year'"
                }
              }
            }
          }
        }
      ]
    },
    "drillFilterOtherVisuals": true
  },
  "filterConfig": {
    "filters": [
      {
        "name": "99431b1f80bc42a6d092",
        "field": {
          "Measure": {
            "Expression": {
              "SourceRef": {
                "Entity": "Sales"
              }
            },
            "Property": "Total Quantity Sold"
          }
        },
        "type": "Advanced"
      },
      {
        "name": "a55adee3150d26a691db",
        "field": {
          "Measure": {
            "Expression": {
              "SourceRef": {
                "Entity": "Sales"
              }
            },
            "Property": "Total Sales"
          }
        },
        "type": "Advanced"
      },
      {
        "name": "a97d709ac2000bc59513",
        "field": {
          "HierarchyLevel": {
            "Expression": {
              "Hierarchy": {
                "Expression": {
                  "SourceRef": {
                    "Entity": "Dates"
                  }
                },
                "Hierarchy": "Date Hierarchy (Year, Quarter, Month)"
              }
            },
            "Level": "Year"
          }
        },
        "type": "Advanced"
      },
      {
        "name": "bd4309d0bdab788e712a",
        "field": {
          "HierarchyLevel": {
            "Expression": {
              "Hierarchy": {
                "Expression": {
                  "SourceRef": {
                    "Entity": "Dates"
                  }
                },
                "Hierarchy": "Date Hierarchy (Year, Quarter, Month)"
              }
            },
            "Level": "Quarter"
          }
        },
        "type": "Advanced"
      },
      {
        "name": "7ec55006a5842d5ad005",
        "field": {
          "HierarchyLevel": {
            "Expression": {
              "Hierarchy": {
                "Expression": {
                  "SourceRef": {
                    "Entity": "Dates"
                  }
                },
                "Hierarchy": "Date Hierarchy (Year, Quarter, Month)"
              }
            },
            "Level": "Month"
          }
        },
        "type": "Advanced"
      }
    ]
  }
}