{
  "$schema": "https://developer.microsoft.com/json-schemas/fabric/item/report/definition/visualContainer/2.3.0/schema.json",
  "name": "3b4a171f0215e002559a",
  "position": {
    "x": 34.209354120267264,
    "y": 246.5924276169265,
    "z": 2000,
    "height": 149.66592427616928,
    "width": 216.65924276169267,
    "tabOrder": 2000
  },
  "visual": {
    "visualType": "card",
    "query": {
      "queryState": {
        "Values": {
          "projections": [
            {
              "field": {
                "Measure": {
                  "Expression": {
                    "SourceRef": {
                      "Entity": "Sales"
                    }
                  },
                  "Property": "Profit Margin"
                }
              },
              "queryRef": "Sales.Profit Margin",
              "nativeQueryRef": "Profit Margin",
              "format": "0.00%;-0.00%;0.00%"
            }
          ]
        }
      },
      "sortDefinition": {
        "sort": [
          {
            "field": {
              "Measure": {
                "Expression": {
                  "SourceRef": {
                    "Entity": "Sales"
                  }
                },
                "Property": "Profit Margin"
              }
            },
            "direction": "Descending"
          }
        ],
        "isDefaultSort": true
      }
    },
    "drillFilterOtherVisuals": true
  },
  "filterConfig": {
    "filters": [
      {
        "name": "c6547929ad00b0976255",
        "field": {
          "Arithmetic": {
            "Left": {
              "Measure": {
                "Expression": {
                  "SourceRef": {
                    "Entity": "Sales"
                  }
                },
                "Property": "Profit Margin"
              }
            },
            "Right": {
              "ScopedEval": {
                "Expression": {
                  "Measure": {
                    "Expression": {
                      "SourceRef": {
                        "Entity": "Sales"
                      }
                    },
                    "Property": "Profit Margin"
                  }
                },
                "Scope": []
              }
            },
            "Operator": 3
          }
        },
        "type": "Advanced",
        "howCreated": "User"
      }
    ]
  }
}