{
  "$schema": "https://developer.microsoft.com/json-schemas/fabric/item/report/definition/visualContainer/2.3.0/schema.json",
  "name": "4e94b73015b1db34c5e4",
  "position": {
    "x": 764.00890868596889,
    "y": 478.93095768374167,
    "z": 6000,
    "height": 182.44988864142539,
    "width": 342.09354120267261,
    "tabOrder": 6000
  },
  "visual": {
    "visualType": "gauge",
    "query": {
      "queryState": {
        "MaxValue": {
          "projections": [
            {
              "field": {
                "Measure": {
                  "Expression": {
                    "SourceRef": {
                      "Entity": "Sales"
                    }
                  },
                  "Property": "Max of Delivery Time"
                }
              },
              "queryRef": "Sales.Max of Delivery Time",
              "nativeQueryRef": "Max of Delivery Time"
            }
          ]
        },
        "MinValue": {
          "projections": [
            {
              "field": {
                "Measure": {
                  "Expression": {
                    "SourceRef": {
                      "Entity": "Sales"
                    }
                  },
                  "Property": "Min of Delivery Time"
                }
              },
              "queryRef": "Sales.Min of Delivery Time",
              "nativeQueryRef": "Min of Delivery Time"
            }
          ]
        },
        "Y": {
          "projections": [
            {
              "field": {
                "Measure": {
                  "Expression": {
                    "SourceRef": {
                      "Entity": "Sales"
                    }
                  },
                  "Property": "Average Delivery Time"
                }
              },
              "queryRef": "Sales.Average Delivery Time",
              "nativeQueryRef": "Average Delivery Time",
              "format": "#,0.00"
            }
          ]
        }
      },
      "sortDefinition": {
        "sort": [
          {
            "field": {
              "Measure": {
                "Expression": {
                  "SourceRef": {
                    "Entity": "Sales"
                  }
                },
                "Property": "Average Delivery Time"
              }
            },
            "direction": "Descending"
          }
        ],
        "isDefaultSort": true
      }
    },
    "visualContainerObjects": {
      "title": [
        {
          "properties": {
            "text": {
              "expr": {
                "Literal": {
                  "Value": "'Average Delivery Time'"
                }
              }
            }
          }
        }
      ]
    },
    "drillFilterOtherVisuals": true
  },
  "filterConfig": {
    "filters": [
      {
        "name": "277a9a669501e35dbe59",
        "field": {
          "Measure": {
            "Expression": {
              "SourceRef": {
                "Entity": "Sales"
              }
            },
            "Property": "Average Delivery Time"
          }
        },
        "type": "Advanced"
      },
      {
        "name": "141d74e613b0e54096cd",
        "field": {
          "Measure": {
            "Expression": {
              "SourceRef": {
                "Entity": "Sales"
              }
            },
            "Property": "Max of Delivery Time"
          }
        },
        "type": "Advanced"
      },
      {
        "name": "cb06200f9324a1e96c20",
        "field": {
          "Measure": {
            "Expression": {
              "SourceRef": {
                "Entity": "Sales"
              }
            },
            "Property": "Min of Delivery Time"
          }
        },
        "type": "Advanced"
      }
    ]
  }
}