{
  "$schema": "https://developer.microsoft.com/json-schemas/fabric/item/report/definition/visualContainer/2.3.0/schema.json",
  "name": "5681e03b0dbe92d8cc08",
  "position": {
    "x": 323.56347438752783,
    "y": 172.47216035634744,
    "z": 3000,
    "height": 149.66592427616928,
    "width": 216.65924276169267,
    "tabOrder": 3000
  },
  "visual": {
    "visualType": "gauge",
    "query": {
      "queryState": {
        "MaxValue": {
          "projections": [
            {
              "field": {
                "Measure": {
                  "Expression": {
                    "SourceRef": {
                      "Entity": "Sales"
                    }
                  },
                  "Property": "Max of Discount"
                }
              },
              "queryRef": "Sales.Max of Discount",
              "nativeQueryRef": "Max of Discount"
            }
          ]
        },
        "MinValue": {
          "projections": [
            {
              "field": {
                "Measure": {
                  "Expression": {
                    "SourceRef": {
                      "Entity": "Sales"
                    }
                  },
                  "Property": "Min of Discount"
                }
              },
              "queryRef": "Sales.Min of Discount",
              "nativeQueryRef": "Min of Discount"
            }
          ]
        },
        "Y": {
          "projections": [
            {
              "field": {
                "Measure": {
                  "Expression": {
                    "SourceRef": {
                      "Entity": "Sales"
                    }
                  },
                  "Property": "Average Discount"
                }
              },
              "queryRef": "Sales.Average Discount",
              "nativeQueryRef": "Average Discount",
              "format": "0.00%;-0.00%;0.00%"
            }
          ]
        }
      },
      "sortDefinition": {
        "sort": [
          {
            "field": {
              "Measure": {
                "Expression": {
                  "SourceRef": {
                    "Entity": "Sales"
                  }
                },
                "Property": "Average Discount"
              }
            },
            "direction": "Descending"
          }
        ],
        "isDefaultSort": true
      }
    },
    "visualContainerObjects": {
      "title": [
        {
          "properties": {
            "text": {
              "expr": {
                "Literal": {
                  "Value": "'Average Discount'"
                }
              }
            }
          }
        }
      ]
    },
    "drillFilterOtherVisuals": true
  },
  "filterConfig": {
    "filters": [
      {
        "name": "29fc7ba3b0c8c424c4d6",
        "field": {
          "Measure": {
            "Expression": {
              "SourceRef": {
                "Entity": "Sales"
              }
            },
            "Property": "Average Discount"
          }
        },
        "type": "Advanced"
      },
      {
        "name": "ca026e434c327b42132b",
        "field": {
          "Measure": {
            "Expression": {
              "SourceRef": {
                "Entity": "Sales"
              }
            },
            "Property": "Min of Discount"
          }
        },
        "type": "Advanced"
      },
      {
        "name": "f08cf4bc45e21a8e3500",
        "field": {
          "Measure": {
            "Expression": {
              "SourceRef": {
                "Entity": "Sales"
              }
            },
            "Property": "Max of Discount"
          }
        },
        "type": "Advanced"
      }
    ]
  }
}