{
  "$schema": "https://developer.microsoft.com/json-schemas/fabric/item/report/definition/visualContainer/2.3.0/schema.json",
  "name": "a65002a8d3884bf67b55",
  "position": {
    "x": 9.6055210305030236,
    "y": 0,
    "z": 0,
    "height": 71.355299083736753,
    "width": 1270.6732106065429
  },
  "visual": {
    "visualType": "textbox",
    "objects": {
      "general": [
        {
          "properties": {
            "paragraphs": [
              {
                "textRuns": [
                  {
                    "value": "ECommerce Performance",
                    "textStyle": {
                      "fontWeight": "bold",
                      "fontFamily": "Nunito",
                      "fontSize": "36pt",
                      "color": "#6b007b"
                    }
                  },
                  {
                    "value": " - ",
                    "textStyle": {
                      "fontFamily": "Nunito",
                      "fontSize": "36pt",
                      "color": "#3c3c3c"
                    }
                  },
                  {
                    "value": "Customer & Product Segment",
                    "textStyle": {
                      "fontFamily": "Nunito",
                      "fontSize": "36pt",
                      "textDecoration": "underline",
                      "color": "#3c3c3c"
                    }
                  }
                ],
                "horizontalTextAlignment": "center"
              }
            ]
          }
        }
      ]
    },
    "drillFilterOtherVisuals": true
  }
}