{
  "$schema": "https://developer.microsoft.com/json-schemas/fabric/item/report/definition/visualContainer/2.3.0/schema.json",
  "name": "b8cde28072cdacaf03f1",
  "position": {
    "x": 0,
    "y": 279.93232717465958,
    "z": 15000,
    "height": 233.27693931221629,
    "width": 498.11487629608541,
    "tabOrder": 15000
  },
  "visual": {
    "visualType": "tableEx",
    "query": {
      "queryState": {
        "Values": {
          "projections": [
            {
              "field": {
                "Column": {
                  "Expression": {
                    "SourceRef": {
                      "Entity": "Products"
                    }
                  },
                  "Property": "Sub-Category"
                }
              },
              "queryRef": "Products.Sub-Category",
              "nativeQueryRef": "Sub-Category"
            },
            {
              "field": {
                "Measure": {
                  "Expression": {
                    "SourceRef": {
                      "Entity": "Sales"
                    }
                  },
                  "Property": "Total Orders"
                }
              },
              "queryRef": "Sales.Total Orders",
              "nativeQueryRef": "Total Orders"
            },
            {
              "field": {
                "Measure": {
                  "Expression": {
                    "SourceRef": {
                      "Entity": "Sales"
                    }
                  },
                  "Property": "Total Sales"
                }
              },
              "queryRef": "Sales.Total Sales",
              "nativeQueryRef": "Total Sales"
            }
          ]
        }
      },
      "sortDefinition": {
        "sort": [
          {
            "field": {
              "Column": {
                "Expression": {
                  "SourceRef": {
                    "Entity": "Products"
                  }
                },
                "Property": "Sub-Category"
              }
            },
            "direction": "Descending"
          }
        ]
      }
    },
    "drillFilterOtherVisuals": true
  }
}